brand,name,price
U.S. Polo Assn.,Men Solid Casual Shirts,Rs. 1874
HIGHLANDER,Slim Fit Casual Shirt,Rs. 449
ONEWAY,Unisex Solid Cotton T-shirt,Rs. 559
DAMENSCH,DEO-SOFT Deodorizing Trunks,Rs. 429
Roadster,Men Light Fade Skater Jeans,Rs. 1007
Celio,Men Cargos Trousers,Rs. 1399
Styli,Men Fit Shirt & Shorts Co-ords,Rs. 1999
Flying Machine,Pure Cotton Relaxed T-shirt,Rs. 649
Levis,Men Solid Trunks,Rs. 339
U.S. Polo Assn.,Men Relaxed-Fit Shorts,Rs. 773
Mast & Harbour,Men Slim Fit Casual Shirt,Rs. 599
HERE&NOW,Men Short Kurta,Rs. 797
Roadster,Chambray Casual Shirt,Rs. 614
Sangria,Men Solid Mid Rise Dhoti,Rs. 1319
Celio,Linen Casual Shirt,Rs. 2699
VASTRAMAY,Embroidered Sherwani Set,Rs. 4283
Jompers,Embroidered Kurta with Pyjamas,Rs. 1033
Vastraa Fusion,Pure Wool Nehru Jacket,Rs. 1599
DAMENSCH,DEO-SOFT Deodorizing Trunks,Rs. 429
DAMENSCH,Pack Of 3 Deo-Soft Trunk,Rs. 1159
Jompers,Embroidered Pure Cotton Kurta,Rs. 935
Levis,Pack Of 2 Cotton Trunk,Rs. 580
Aeropostale,Relaxed Fit Cotton T-shirt,Rs. 509
Mast & Harbour,Striped Shorts Set,Rs. 874
VASTRAMAY,Embroidered Sherwani Set,Rs. 4283
HERE&NOW,Men Liva Kurta,Rs. 959
HRX by Hrithik Roshan,Men Parachute Track Pants,Rs. 599
StyleCast,Men Jogger Cotton Jeans,Rs. 1246
MANQ,Men Slim Fit Formal Blazer,Rs. 2459
Beyoung,Loose-Fit Cotton Lounge Pants,Rs. 899
U.S. Polo Assn.,Pure Cotton Tailored Fit Shirt,Rs. 1949
Pepe Jeans,Pack Of 2 Pure Cotton Boxers,Rs. 647
VASTRAMAY,Men Indo-Western Sherwani Set,Rs. 2799
DAMENSCH,Pack Of 2 Deo Cotton Trunk,Rs. 553
U.S. Polo Assn.,Cotton OELP6 Lounge Pants,Rs. 890
V-Mart,Woven Designed Nehru Jacket,Rs. 726
Jompers,Embroidered Cotton Kurta Set,Rs. 989
URBAN SCOTTISH,Pack Of 5 Men Printed Boxers,Rs. 1139
U.S. Polo Assn.,Men Lightweight Lounge T-shirt,Rs. 566
max,Men Solid Lounge Shorts,Rs. 349
U.S. Polo Assn. Denim Co.,Men Slim Fit Jeans,Rs. 2274
